{"loss": 1.116392970085144, "accuracy": 0.2913333475589752, "_runtime": 10, "_timestamp": 1635434498, "_step": 99, "_wandb": {"runtime": 3}}