{"linear/loss": 0.8894002437591553, "linear/accuracy": 0.4880000054836273, "_runtime": 12, "_timestamp": 1635436186, "_step": 1999, "mlp/loss": 0.6493086218833923, "mlp/accuracy": 0.6143333315849304, "_wandb": {"runtime": 6}}