{"loss": 0.8894002437591553, "accuracy": 0.4880000054836273, "_runtime": 11, "_timestamp": 1635434662, "_step": 999, "_wandb": {"runtime": 4}}