{"loss": 1.1109566688537598, "accuracy": 0.34333333373069763, "_runtime": 10, "_timestamp": 1635434620, "_step": 99, "_wandb": {"runtime": 3}}